Ref,Status,Old Value,New Value,BOM Value,LCSC Part #,Footprint,Value Changed
C1,SMT,2.2uF,10uF,10µF ±10% 25V X5R,C15850,easyedapro:C0805,YES
C2,SMT,2.2uF,10uF,10µF ±10% 25V X5R,C15850,easyedapro:C0805,YES
C3,SMT,10uF,100nF,100nF ±10% 50V X7R,C49678,easyedapro:C0805,YES
C7,SMT,100nF,100nF,100nF ±10% 50V X7R,C49678,easyedapro:C0805,NO
C8,SMT,100nF,100nF,100nF ±10% 50V X7R,C49678,easyedapro:C0805,NO
C9,SMT,100nF,100nF,100nF ±10% 50V X7R,C49678,easyedapro:C0805,NO
C10,SMT,100nF,100nF,100nF ±10% 50V X7R,C49678,easyedapro:C0805,NO
C15,SMT,100nF,100nF,100nF ±10% 50V X7R,C49678,easyedapro:C0805,NO
C16,SMT,100nF,100nF,100nF ±10% 50V X7R,C49678,easyedapro:C0805,NO
C18,SMT,10uF,100nF,100nF ±10% 50V X7R,C49678,easyedapro:C0805,YES
C19,SMT,10uF,100nF,100nF ±10% 50V X7R,C49678,easyedapro:C0805,YES
C20,SMT,220nF,100nF,100nF ±10% 50V X7R,C49678,easyedapro:C0805,YES
C21,SMT,220nF,100nF,100nF ±10% 50V X7R,C49678,easyedapro:C0805,YES
C22,SMT,220nF,100nF,100nF ±10% 50V X7R,C49678,easyedapro:C0805,YES
C26,SMT,220nF,100nF,100nF ±10% 50V X7R,C49678,easyedapro:C0805,YES
C4,SMT,10uF,47nF,47nF ±5% 50V X7R,C1845663,easyedapro:C0805,YES
C5,SMT,470uF,470uF,"470µF ±20% 35V, 105°C",C2992611,easyedapro:CAP-SMD_BD10.0-L10.3-W10.3-LS11.3-FD,NO
C6,SMT,470uF,470uF,"470µF ±20% 35V, 105°C",C2992611,easyedapro:CAP-SMD_BD10.0-L10.3-W10.3-LS11.3-FD,NO
C11,SMT,1uF,1uF,1µF ±10% 50V X7R,C344178,easyedapro:C0805,NO
C12,SMT,1uF,1uF,1µF ±10% 50V X7R,C344178,easyedapro:C0805,NO
C25,SMT,220nF,1uF,1µF ±10% 50V X7R,C344178,easyedapro:C0805,YES
C17,SMT,10uF,10nF,10nF ±5% 50V C0G,C342877,easyedapro:C0805,YES
C23,SMT,220nF,220nF,220nF ±10% 50V X7R,C45359963,easyedapro:C0805,NO
C24,SMT,220nF,4.7uF,4.7µF ±10% 16V X5R,C380342,easyedapro:C0805,YES
C27,SMT,10pF,10pF,10pF ±5% 50V C0G,C157608,easyedapro:C0805,NO
C28,SMT,100nF TRIM_LPF DNP,1uF,1µF ±10% 50V X7R,C344178,easyedapro:C0805,YES
D1,SMT,SS56,SS56B,"SS56B, 60V 5A Schottky",C14651,easyedapro:SMB_L4.3-W3.6-LS5.4-RD,YES
D2,SMT,SS56,SS56B,"SS56B, 60V 5A Schottky",C14651,easyedapro:SMB_L4.3-W3.6-LS5.4-RD,YES
FB1,SMT,MLB2012F-151T,150R@100MHz,"150Ω@100MHz, 600mA, DCR 0.25Ω",C139474,easyedapro:L0805,YES
FB2,SMT,MLB2012F-151T,150R@100MHz,"150Ω@100MHz, 600mA, DCR 0.25Ω",C139474,easyedapro:L0805,YES
FB3,SMT,MLB2012F-151T,150R@100MHz,"150Ω@100MHz, 600mA, DCR 0.25Ω",C139474,easyedapro:L0805,YES
R3,SMT,100Ω,0R,0Ω 125mW,C17477,easyedapro:R0805,YES
R4,SMT,100Ω,0R,0Ω 125mW,C17477,easyedapro:R0805,YES
R6,SMT,0Ω,0R,0Ω 125mW,C17477,easyedapro:R0805,YES
R17,SMT,1.6Ω,0R,0Ω 125mW,C17477,easyedapro:R0805,YES
R36,SMT,0R Z_GND DEFAULT,0R,0Ω 125mW,C17477,easyedapro:R0805,YES
R46,SMT,0R RISO default 0.05-0.2R option,0R,0Ω 125mW,C17477,easyedapro:R0805,YES
J1,SMT,2060-453/998-404,WAGO 2060 3P,"WAGO 2060 3P, 4mm pitch",C2765056,easyedapro:CONN-SMD_2060-453,YES
J2,SMT,2060-453/998-404,WAGO 2060 3P,"WAGO 2060 3P, 4mm pitch",C2765056,easyedapro:CONN-SMD_2060-453,YES
J5,SMT,2060-453/998-404,WAGO 2060 3P,"WAGO 2060 3P, 4mm pitch",C2765056,easyedapro:CONN-SMD_2060-453,YES
J6,SMT,2060-453/998-404,WAGO 2060 3P,"WAGO 2060 3P, 4mm pitch",C2765056,easyedapro:CONN-SMD_2060-453,YES
J8,SMT,2060-453/998-404,WAGO 2060 3P,"WAGO 2060 3P, 4mm pitch",C2765056,easyedapro:CONN-SMD_2060-453,YES
J3,SMT,2060-452/998-404,WAGO 2060 2P,"WAGO 2060 2P, 4mm pitch",C2765055,easyedapro:CONN-SMD_2060-452,YES
J4,SMT,2060-452/998-404,WAGO 2060 2P,"WAGO 2060 2P, 4mm pitch",C2765055,easyedapro:CONN-SMD_2060-452,YES
J9,SMT,FAULT bare SMT pads,WAGO 2060 2P,"WAGO 2060 2P, 4mm pitch",C2765055,easyedapro:CONN-SMD_2060-452,YES
J14,SMT,2060-451/998-404,WAGO 2060 1P,"WAGO 2060 1P, 4mm pitch",C2765054,easyedapro:CONN-SMD_L12.7-W3.9_2060-451-998-404,YES
R5,SMT,100Ω,100R,100Ω ±1% 125mW,C2988937,easyedapro:R0805,YES
R18,SMT,1.6Ω,100R,100Ω ±1% 125mW,C2988937,easyedapro:R0805,YES
R7,SMT,100Ω,57.6kR,57.6kΩ ±1% 125mW,C5153977,easyedapro:R0805,YES
R10,SMT,100Ω,100kR,100kΩ ±1% 125mW,C2907217,easyedapro:R0805,YES
R23,SMT,100K,100kR,100kΩ ±1% 125mW,C2907217,easyedapro:R0805,YES
R11,SMT,100Ω,1kR,1kΩ ±1% 125mW,C95781,easyedapro:R0805,YES
R13,SMT,1kΩ,1.000kR,1.000kΩ ±0.1% 薄膜,C110774,easyedapro:R0805,YES
R15,SMT,1kΩ,1.000kR,1.000kΩ ±0.1% 薄膜,C110774,easyedapro:R0805,YES
R14,SMT,49.9kΩ,49.9kR,49.9kΩ ±0.05% 15ppm/°C,C1730568,easyedapro:R0805,YES
R16,SMT,1kΩ,39.0kR,39.0kΩ ±0.1% 10ppm/°C 200mW,C1720356,easyedapro:R0805,YES
R19,SMT,1.6Ω,30.9kR,30.9kΩ ±0.1% ≤25ppm/°C 薄膜,C865394,easyedapro:R0805,YES
R20,SMT,1.6Ω,10.0kR,10.0kΩ ±0.1% 薄膜,C110775,easyedapro:R0805,YES
R21,SMT,1.6Ω,10.0kR,10.0kΩ ±0.1% 薄膜,C110775,easyedapro:R0805,YES
R22,SMT,1.6Ω,10.0kR,10.0kΩ ±0.1% 薄膜,C110775,easyedapro:R0805,YES
R24,SMT,2.4Ω,10kR,10kΩ ±1% 125mW,C2907219,easyedapro:R0805,YES
R34,SMT,1M ISIG_TRIM_INJ DNP,1.000MR,1.000MΩ ±0.1% 25ppm/°C,C2075448,easyedapro:R0805,YES
R35,SMT,10k TRIM_SRC DNP,10.0kR,10.0kΩ ±0.1% ≤25ppm/°C 薄膜,C110775,easyedapro:R0805,YES
R12,SMT,2mΩ,4.7R,4.7Ω ±1% 2W,C2897629,easyedapro:R0805,YES
RSH2,SMT,0.1R 3W 2512 current sense + Kelvin pads,0.100R,0.100Ω ±1% 3W ±50ppm/°C,C393067,easyedapro:AAI_C11_35_LOCAL_Footprints_AAI_SHUNT_4T_3920_Kelvin,YES
U1,SMT,OPA548F/500,OPA548F/500,OPA548F/500,C527496,easyedapro:TO-263-7_L10.2-W10.4-P1.27-LS14.4-TL,NO
U2,SMT,AD633ARZ-R7,AD633ARZ-R7,AD633ARZ-R7,C77810,easyedapro:SOIC-8_L4.9-W3.9-P1.27-LS6.0-BL,NO
U3,SMT,INA149AIDR,INA149AIDR,INA149AIDR,C183089,easyedapro:SOIC-8_L4.9-W3.9-P1.27-LS6.0-BL,NO
U4,SMT,OPA1656IDR,OPA1656IDR,OPA1656IDR,C1849431,easyedapro:SOIC-8_L4.9-W3.9-P1.27-LS6.0-BL,NO
U8,SMT,OPA1656IDR,OPA1656IDR,OPA1656IDR,C1849431,easyedapro:SOIC-8_L4.9-W3.9-P1.27-LS6.0-BL,NO
U5,SMT,STM32G431CBT6,STM32G431CBT6,STM32G431CBT6（冻结型号）,C529355,easyedapro:LQFP-48_L7.0-W7.0-P0.50-LS9.0-BL,NO
U6,SMT,AMS1117-3.3,AMS1117-3.3,AMS1117-3.3,C6186,easyedapro:SOT-223-3_L6.5-W3.4-P2.30-LS7.0-BR,NO
U7,SMT,"TLP185(GR-TPR,E","TLP185(GR-TPR,E","TLP185(GR-TPR,E",C393884,easyedapro:SOP-6_4P-L3.7-W4.6-P2.54-LS7.0-BL,NO
C13,DNP,68pF,1p/2.2p/4.7p EXP,DNP；实验备料1pF/2.2pF/4.7pF C0G 0805,,easyedapro:C0805,YES
C14,DNP,100nF,1p/2.2p/4.7p EXP,DNP；实验备料1pF/2.2pF/4.7pF C0G 0805,,easyedapro:C0805,YES
C29,DNP,1uF IPORT_LPF DNP,1uF,1uF,,easyedapro:C0805,YES
C30,DNP,1uF SERVO_INT DNP,1uF,1uF,,easyedapro:C0805,YES
C31,DNP,4.7p COMP_A DNP,4.7p,4.7p,,easyedapro:C0805,YES
C32,DNP,10p COMP_A DNP,10p,10p,,easyedapro:C0805,YES
C33,DNP,22p COMP_A DNP,22p,22p,,easyedapro:C0805,YES
C34,DNP,47p COMP_A DNP,47p,47p,,easyedapro:C0805,YES
C35,DNP,100p COMP_A DNP,100p,100p,,easyedapro:C0805,YES
C36,DNP,10p-100p LEAD_A_C DNP,10p-100p,10p-100p,,easyedapro:C0805,YES
C37,DNP,4.7p COMP_B DNP,4.7p,4.7p,,easyedapro:C0805,YES
C38,DNP,10p COMP_B DNP,10p,10p,,easyedapro:C0805,YES
C39,DNP,22p COMP_B DNP,22p,22p,,easyedapro:C0805,YES
C40,DNP,47p COMP_B DNP,47p,47p,,easyedapro:C0805,YES
C41,DNP,100p COMP_B DNP,100p,100p,,easyedapro:C0805,YES
C42,DNP,10p-100p LEAD_B_C DNP,10p-100p,10p-100p,,easyedapro:C0805,YES
D3,DNP,SS56,SS56 +clamp SPK DNP,SS56 +clamp SPK DNP,,easyedapro:SMB_L4.3-W3.6-LS5.4-RD,YES
D4,DNP,SS56,SS56 -clamp SPK DNP,SS56 -clamp SPK DNP,,easyedapro:SMB_L4.3-W3.6-LS5.4-RD,YES
J10,DNP,EXP_SPI_TIM_DNP,EXP_SPI_TIM_DNP,EXP_SPI_TIM_DNP,,easyedapro:AAI_C11_35_LOCAL_Footprints_AAI_PinHeader_1x05_P2_54mm_Vertical,NO
J11,DNP,EXP_I2C_DAC_DNP,EXP_I2C_DAC_DNP,EXP_I2C_DAC_DNP,,easyedapro:AAI_C11_35_LOCAL_Footprints_AAI_PinHeader_1x05_P2_54mm_Vertical,NO
R1,DNP,100Ω,0R,0R,,easyedapro:R0805,YES
R2,DNP,100Ω,0R,0R,,easyedapro:R0805,YES
R8,DNP,100Ω,33.2kR 1%,33.2kΩ 1%,,easyedapro:R0805,YES
R9,DNP,100Ω,22.1kR 1%,22.1kΩ 1%,,easyedapro:R0805,YES
R25,DNP,1.6Ω,6.49kR 0.1%,6.49kΩ 0.1%,,easyedapro:R0805,YES
R26,DNP,1.6Ω,10k,10k,,easyedapro:R0805,YES
R27,DNP,1.6Ω,100k,100k,,easyedapro:R0805,YES
R28,DNP,1.6Ω,100kR ±1%,100kΩ ±1%,,easyedapro:R0805,YES
R29,DNP,1.6Ω,10kR ±1%,10kΩ ±1%,,easyedapro:R0805,YES
R30,DNP,1.6Ω,100k,100k,,easyedapro:R0805,YES
R31,DNP,1.6Ω,10k,10k,,easyedapro:R0805,YES
R32,DNP,360kΩ,360kR ±1%,360kΩ ±1%,,easyedapro:R0805,YES
R33,DNP,360kΩ,360kR ±1%,360kΩ ±1%,,easyedapro:R0805,YES
R37,DNP,1M ZTRIM_INJ DNP,1MR,1MΩ,,easyedapro:R0805,YES
R38,DNP,1M ZSERVO_INJ DNP,1MR,1MΩ,,easyedapro:R0805,YES
R39,DNP,10k IPORT_TAP DNP,10kR,10kΩ,,easyedapro:R0805,YES
R40,DNP,1M SERVO_IN DNP,1MR,1MΩ,,easyedapro:R0805,YES
R41,DNP,10M SERVO_FB DNP,10MR,10MΩ,,easyedapro:R0805,YES
R42,DNP,0R SERVO_RESET_DNP,0R,0Ω,,easyedapro:R0805,YES
R43,DNP,0R SERVO_DISABLE_DNP,0R,0Ω,,easyedapro:R0805,YES
R44,DNP,1k-10k LEAD_A_R DNP,1k-10k,1k–10k,,easyedapro:R0805,YES
R45,DNP,1k-10k LEAD_B_R DNP,1k-10k,1k–10k,,easyedapro:R0805,YES
U9,DNP,OPA1656IDR SERVO DNP,OPA1656IDR,OPA1656IDR,,easyedapro:SOIC-8_L4.9-W3.9-P1.27-LS6.0-BL,YES
U10,DNP,TMUX7219DGKRQ1,TMUX7219DGKRQ1,TMUX7219DGKRQ1,,easyedapro:VSSOP-8_L3.0-W3.0-P0.65-LS4.9-BL,NO
J12,POST,2.54-1*5P母,1×5P 2.54mm母排,1×5P 2.54mm母排,C50950,easyedapro:HDR-TH_5P-P2.54-V-F,YES
J13,POST,2.54-1*5P母,1×5P 2.54mm母排,1×5P 2.54mm母排,C50950,easyedapro:HDR-TH_5P-P2.54-V-F,YES
